"id","title","series","author","language","category","region","description","pages","publicationDate","rating","ratingsCount","genres","isbn","imageURL","amazonLink","freeSourceLink","freeSourceName","popularReviews"
"2657.To_Kill_a_Mockingbird","To Kill a Mockingbird","Standalone","Harper Lee","English","Fiction","Global","""Shoot all the bluejays you want, if you can hit 'em, but remember it's a sin to kill a mockingbird.""A lawyer's advice to his children as he defends the real mockingbird of Harper Lee's classic novel - a black man charged with the rape of a white girl. Through the young eyes of Scout and Jem Finch, Harper Lee explores with exuberant humour the irrationality of adult attitudes to race and class in the Deep South of the 1930s. The conscience of a town steeped in prejudice, violence and hypocrisy is pricked by the stamina of one man's struggle for justice. But the weight of history will only tolerate so much.""To Kill A Mockingbird"" became both an instant bestseller and a critical success when it was first published in 1960. It went on to win the Pulitzer Prize in 1961 and was later made into an Academy Award-winning film.","323","July 11, 1960","4.26","6966466","Classics, Fiction, Historical Fiction, School, Literature, Young Adult, Historical","9780060935467","https://m.media-amazon.com/images/S/compressed.photo.goodreads.com/books/1553383690i/2657.jpg","https://www.amazon.com/dp/9780060935467?tag=goodreads-20","https://openlibrary.org/books/OL37027463M","Open Library",""
"58613451-harry-potter-and-the-order-of-the-phoenix","Harry Potter and the Order of the Phoenix","Harry Potter, #5","J.K. Rowling","English","Fiction","Global","It's official: the evil Lord Voldemort has returned. His influence is suddenly everywhere in the Wizarding world, and his former allies, the Death Eaters, are returning to his side in droves. In response, the Order of the Phoenix, which worked to stop him during his last rise to power, has reconvened. This time, all of the adults Harry trusts have joined in. And even though Harry is at the center of many of their plans - Voldemort is intent on killing him, after all - they want so badly to protect him that they are keeping him completely out of the loop. Problems are cropping up at Hogwarts, too, where government officials are meddling in just about everything. And just because Voldemort and the Death Eaters are threatening open warfare does not mean that fifth-year students get out of their exams. Meanwhile, Harry's powerful connection to Voldemort seems to be growing even stronger, as he realizes that he has direct access to the Dark Lord's mind. It's time for Harry and his friends to take drastic action, but the course they choose will have terrible unforeseen consequences. Truly dangerous times have arrived in the fifth Harry Potter novel, but it never loses the trademark fun, excitement, and wonder at the possibilities of magic.","896","June 21, 2003","4.5","3840304","Fantasy, Fiction, Young Adult, Harry Potter, Magic, Audiobook, Childrens","9780439358064","https://m.media-amazon.com/images/S/compressed.photo.goodreads.com/books/1627045351i/58613451.jpg","https://www.amazon.com/dp/9780439358064?tag=goodreads-20","https://openlibrary.org/books/OL23247162M","Open Library",""
"1885.Pride_and_Prejudice","Pride and Prejudice","Standalone","Jane Austen","English","Fiction","Global","Since its immediate success in 1813, Pride and Prejudice has remained one of the most popular novels in the English language. Jane Austen called this brilliant work ""her own darling child"" and its vivacious heroine, Elizabeth Bennet, ""as delightful a creature as ever appeared in print."" The romantic clash between the opinionated Elizabeth and her proud beau, Mr. Darcy, is a splendid performance of civilized sparring. And Jane Austen's radiant wit sparkles as her characters dance a delicate quadrille of flirtation and intrigue, making this book the most superb comedy of manners of Regency England.Alternate cover edition of ISBN 9780679783268","279","January 28, 1813","4.3","4877767","Classics, Romance, Fiction, Historical Fiction, Historical, Literature, Audiobook","9781441341709","https://m.media-amazon.com/images/S/compressed.photo.goodreads.com/books/1320399351i/1885.jpg","https://www.amazon.com/dp/9781441341709?tag=goodreads-20","https://www.gutenberg.org/ebooks/1342.html.images","Project Gutenberg (Free)",""
"2767052-the-hunger-games","The Hunger Games","The Hunger Games, #1","Suzanne Collins","English","Fiction","Global","Winning means fame and fortune. Losing means certain death. The Hunger Games have begun. . . .In the ruins of a place once known as North America lies the nation of Panem, a shining Capitol surrounded by twelve outlying districts. The Capitol is harsh and cruel and keeps the districts in line by forcing them all to send one boy and one girl between the ages of twelve and eighteen to participate in the annual Hunger Games, a fight to the death on live TV.Sixteen-year-old Katniss Everdeen regards it as a death sentence when she steps forward to take her sister's place in the Games. But Katniss has been close to dead before-and survival, for her, is second nature. Without really meaning to, she becomes a contender. But if she is to win, she will have to start making choices that weigh survival against humanity and life against love.","374","September 14, 2008","4.35","10037753","Young Adult, Dystopia, Fiction, Fantasy, Science Fiction, Romance, Adventure","9780439023481","https://m.media-amazon.com/images/S/compressed.photo.goodreads.com/books/1586722975i/2767052.jpg","https://www.amazon.com/dp/9780439023481?tag=goodreads-20","https://openlibrary.org/books/OL61249009M","Open Library",""
"19063.The_Book_Thief","The Book Thief","Standalone","Markus Zusak","English","Fiction","Global","Librarian's note: An alternate cover edition can be found hereIt is 1939. Nazi Germany. The country is holding its breath. Death has never been busier, and will be busier still.By her brother's graveside, Liesel's life is changed when she picks up a single object, partially hidden in the snow. It is The Gravedigger's Handbook, left behind there by accident, and it is her first act of book thievery. So begins a love affair with books and words, as Liesel, with the help of her accordian-playing foster father, learns to read. Soon she is stealing books from Nazi book-burnings, the mayor's wife's library, wherever there are books to be found.But these are dangerous times. When Liesel's foster family hides a Jew in their basement, Liesel's world is both opened up, and closed down.In superbly crafted writing that burns with intensity, award-winning author Markus Zusak has given us one of the most enduring stories of our time.(Note: this title was not published as YA fiction)","592","September 1, 2005","4.39","2913934","Historical Fiction, Fiction, Young Adult, Classics, Historical, Book Club, War","N/A","https://m.media-amazon.com/images/S/compressed.photo.goodreads.com/books/1522157426i/19063.jpg","https://www.amazon.com/s?k=The%20Book%20Thief","https://archive.org/details/zodziejkaksiazek0000zusa","Open Library / Internet Archive",""
"170448.Animal_Farm","Animal Farm","Standalone","George Orwell","English","Fiction","Global","Librarian's note: There is an Alternate Cover Edition for this edition of this book here.A farm is taken over by its overworked, mistreated animals. With flaming idealism and stirring slogans, they set out to create a paradise of progress, justice, and equality. Thus the stage is set for one of the most telling satiric fables ever penned –a razor-edged fairy tale for grown-ups that records the evolution from revolution against tyranny to a totalitarianism just as terrible. When Animal Farm was first published, Stalinist Russia was seen as its target. Today it is devastatingly clear that wherever and whenever freedom is attacked, under whatever banner, the cutting clarity and savage comedy of George Orwell’s masterpiece have a meaning and message still ferociously fresh.","141","August 17, 1945","4.02","4639318","Classics, Fiction, Dystopia, Fantasy, School, Politics, Literature","9780451526342","https://m.media-amazon.com/images/S/compressed.photo.goodreads.com/books/1325861570i/170448.jpg","https://www.amazon.com/dp/9780451526342?tag=goodreads-20","https://openlibrary.org/books/OL31677688M","Open Library",""
"41865.Twilight","Twilight","The Twilight Saga, #1","Stephenie Meyer","English","Fiction","Global","About three things I was absolutely positive.First, Edward was a vampire.Second, there was a part of him - and I didn't know how dominant that part might be - that thirsted for my blood.And third, I was unconditionally and irrevocably in love with him.Deeply seductive and extraordinarily suspenseful, Twilight is a love story with bite.","498","October 5, 2005","3.68","7381854","Fantasy, Young Adult, Romance, Fiction, Vampires, Paranormal, Paranormal Romance","9780316015844","https://m.media-amazon.com/images/S/compressed.photo.goodreads.com/books/1700522826i/41865.jpg","https://www.amazon.com/dp/9780316015844?tag=goodreads-20","https://openlibrary.org/books/OL37073278M","Open Library",""
"30.J_R_R_Tolkien_4_Book_Boxed_Set","J.R.R. Tolkien 4-Book Boxed Set: The Hobbit and The Lord of the Rings","Standalone","J.R.R. Tolkien","English","Fiction","Global","These magical adaptations became instant classics when they were first broadcast on BBC Radio 4, and continue to delight today. Tolkien's epic tale of Middle-earth has all the classic ingredients of fantasy and adventure: dwarves, elves, goblins and trolls, a terrifying dragon, a great wizard, a fearsome evil, a perilous quest and a dramatic climax. With an all-star cast including Ian Holm, Michael Hordern, Robert Stephens, John le Mesurier and Bill Nighy, these enchanting dramatisations are a must for all Tolkien fans. 'For those who find the books too long-winded and the films too noisy, this is the perfect way to assimilate the myth and magic of Middle-earth' - Guardian.19 CDs. 17 hrs 30 mins.","1728","January 1, 1954","4.62","145454","Fantasy, Fiction, Classics, Adventure, Science Fiction Fantasy, Epic Fantasy, High Fantasy","9780345538376","https://m.media-amazon.com/images/S/compressed.photo.goodreads.com/books/1656625315i/30.jpg","https://www.amazon.com/dp/9780345538376?tag=goodreads-20","https://openlibrary.org/books/OL26063706M","Open Library",""
"11127.The_Chronicles_of_Narnia","The Chronicles of Narnia","The Chronicles of Narnia, #1-7","C.S. Lewis","English","Fiction","Global","Librarian note: An alternate cover for this edition can be found here: 2005.Journeys to the end of the world, fantastic creatures, and epic battles between good and evil—what more could any reader ask for in one book? The book that has it all is The Lion, the Witch and the Wardrobe, written in 1949 by Clive Staples Lewis. But Lewis did not stop there. Six more books followed, and together they became known as The Chronicles of Narnia.For the past fifty years, The Chronicles of Narnia have transcended the fantasy genre to become part of the canon of classic literature. Each of the seven books is a masterpiece, drawing the reader into a land where magic meets reality, and the result is a fictional world whose scope has fascinated generations.This edition presents all seven books—unabridged—in one impressive volume. The books are presented here in chronlogical order, each chapter graced with an illustration by the original artist, Pauline Baynes. Deceptively simple and direct, The Chronicles of Narnia continue to captivate fans with adventures, characters, and truths that speak to readers of all ages, even fifty years after they were first published.","767","January 1, 1956","4.28","713496","Fantasy, Classics, Fiction, Young Adult, Childrens, Christian, Adventure","9780066238500","https://m.media-amazon.com/images/S/compressed.photo.goodreads.com/books/1661032875i/11127.jpg","https://www.amazon.com/dp/9780066238500?tag=goodreads-20","https://openlibrary.org/books/OL24416495M","Open Library",""
"5297.The_Picture_of_Dorian_Gray","The Picture of Dorian Gray","Standalone","Oscar Wilde","English","Fiction","Global","In this celebrated work, his only novel, Wilde forged a devastating portrait of the effects of evil and debauchery on a young aesthete in late-19th-century England. Combining elements of the Gothic horror novel and decadent French fiction, the book centers on a striking premise: As Dorian Gray sinks into a life of crime and gross sensuality, his body retains perfect youth and vigor while his recently painted portrait grows day by day into a hideous record of evil, which he must keep hidden from the world. For over a century, this mesmerizing tale of horror and suspense has enjoyed wide popularity. It ranks as one of Wilde's most important creations and among the classic achievements of its kind.","272","July 1, 1890","4.14","1920703","Classics, Fiction, Horror, Gothic, Fantasy, Literature, Dark Academia","N/A","https://m.media-amazon.com/images/S/compressed.photo.goodreads.com/books/1546103428i/5297.jpg","https://www.amazon.com/s?k=The%20Picture%20of%20Dorian%20Gray","https://www.gutenberg.org/ebooks/174.html.images","Project Gutenberg (Free)",""
"11870085-the-fault-in-our-stars","The Fault in Our Stars","Standalone","John Green","English","Fiction","Global","Despite the tumor-shrinking medical miracle that has bought her a few years, Hazel has never been anything but terminal, her final chapter inscribed upon diagnosis. But when a gorgeous plot twist named Augustus Waters suddenly appears at Cancer Kid Support Group, Hazel's story is about to be completely rewritten.Insightful, bold, irreverent, and raw, The Fault in Our Stars is award-winning author John Green's most ambitious and heartbreaking work yet, brilliantly exploring the funny, thrilling, and tragic business of being alive and in love.","313","January 10, 2012","4.12","5778085","Young Adult, Romance, Fiction, Contemporary, Realistic Fiction, Book Club, Coming Of Age","N/A","https://m.media-amazon.com/images/S/compressed.photo.goodreads.com/books/1660273739i/11870085.jpg","https://www.amazon.com/s?k=The%20Fault%20in%20Our%20Stars","https://archive.org/details/bajolamismaestre0000gree_b4i6","Open Library / Internet Archive",""
"28187.The_Lightning_Thief","The Lightning Thief","Percy Jackson and the Olympians, #1","Rick Riordan","English","Fiction","Global","Alternate cover for this ISBN can be found herePercy Jackson is a good kid, but he can't seem to focus on his schoolwork or control his temper. And lately, being away at boarding school is only getting worse - Percy could have sworn his pre-algebra teacher turned into a monster and tried to kill him. When Percy's mom finds out, she knows it's time that he knew the truth about where he came from, and that he go to the one place he'll be safe. She sends Percy to Camp Half Blood, a summer camp for demigods (on Long Island), where he learns that the father he never knew is Poseidon, God of the Sea. Soon a mystery unfolds and together with his friends—one a satyr and the other the demigod daughter of Athena - Percy sets out on a quest across the United States to reach the gates of the Underworld (located in a recording studio in Hollywood) and prevent a catastrophic war between the gods.","377","July 28, 2005","4.31","3482207","Fantasy, Young Adult, Mythology, Fiction, Middle Grade, Percy Jackson, Adventure","9780786838653","https://m.media-amazon.com/images/S/compressed.photo.goodreads.com/books/1400602609i/28187.jpg","https://www.amazon.com/dp/9780786838653?tag=goodreads-20","https://openlibrary.org/books/OL42476783M","Open Library",""
